8.1472368639318005e-02,9.0579193707561997e-02,1.2698681629351000e-02,9.1337585613901998e-02,6.3235924622541004e-02,9.7540404999410003e-03,2.7849821886705001e-02,5.4688151920498002e-02,9.5750683543429999e-02,9.6488853519928003e-02,1.5761308167754999e-02,9.7059278176061997e-02,9.5716694824294998e-02,4.8537564872284000e-02,8.0028046888880003e-02,1.4188633862722001e-02,4.2176128262628003e-02,9.1573552518907003e-02,7.9220732955954998e-02,9.5949242639290000e-02,6.5574069915659006e-02,3.5711678574190000e-03,8.4912930586878002e-02,9.3399324775754994e-02,6.7873515485776997e-02,7.5774013057833003e-02,7.4313246812492004e-02,3.9222701953416997e-02,6.5547789017756000e-02,1.7118668781156001e-02,1.2649986532930001e-02,1.3430330431356999e-02,9.8594092710999996e-03,1.4202724843193000e-02,1.6825129849152999e-02,1.9624892225696002e-02,3.1747977514944001e-02,3.1642899914629000e-02,2.1756330942282000e-02,2.5104184601574001e-02,8.9292240528597994e-02,7.0322322455628999e-02,5.5573794271939002e-02,1.8443366775765000e-02,2.1203084253231998e-02,7.7346808112679997e-03,9.1380041077956997e-02,7.0671521769693005e-02,5.5778896675488000e-02,3.1342898993659003e-02,1.6620356290215001e-02,6.2249725927990003e-02,9.8793473495250000e-02,1.7043202305688000e-02,2.5779225057201000e-02,3.9679931863313998e-02,7.3994769576939999e-03,6.8409606696200997e-02,4.0238833269615998e-02,9.8283520139394995e-02,4.0218398522247997e-02,6.2067194719958002e-02,1.5436980547927000e-02,3.8134520444446998e-02,1.6113397184935999e-02,7.5811243132741998e-02,8.7111112191538997e-02,3.5077674488588999e-02,6.8553570874754000e-02,2.9414863376784998e-02,5.3062930385689003e-02,8.3242338628518001e-02,2.0535774658180001e-03,9.2367561262041001e-02,6.5369988900825002e-02,9.3261357204855996e-02,1.6351236852752998e-02,9.2109725589219996e-02,7.9465788538874996e-02,5.7739419670665003e-02,4.4003559576025003e-02,2.5761373671243998e-02,7.5194639386745005e-02,2.2866948210549999e-02,6.4187087391900004e-03,7.6732951077657000e-02
7.8748681530969991e-02,8.3683889417515214e-02,5.2178615997278644e-03,8.2686349095372924e-02,5.5587230771456296e-02,9.9067536702653926e-04,1.3495501641587438e-02,1.4389955932165188e-02,5.8607762852728847e-02,5.2362586655110441e-02,-3.2194175111213919e-02,5.2931780602006311e-02,1.0354816172034140e-01,7.1635670336509125e-02,1.0012581045873015e-01,3.7782295848360029e-02,7.0657305813548704e-02,1.1564160722164669e-01,6.6942885939994881e-02,5.9541153989720312e-02,3.3924009260836226e-02,-3.3238748937378187e-02,3.9258207423142837e-02,5.5374472960179694e-02,6.0325976086614622e-02,5.3710230245660143e-02,5.5022585148624639e-02,1.6617794489728624e-02,3.7375429664307507e-02,-6.2892450403337075e-03,2.4614315374600140e-03,-9.3497164371068239e-03,-3.1838792097361266e-03,-7.5308265902588687e-03,5.5788318694592626e-03,2.7786421669412989e-03,1.4650242635058350e-02,-7.9353167161721541e-03,-4.2242599106144529e-04,-1.3047611569076703e-02,6.9466368493773689e-02,4.0423470340232269e-02,3.9595125290134633e-02,-1.7126311162321484e-02,7.9341641860276868e-04,-2.6166987815958602e-02,7.3818849612580353e-02,4.4392746853506332e-02,3.6723597173324671e-02,-7.4061091578542931e-04,-5.3678976906299768e-03,3.4580101847867223e-02,8.4870332057302780e-02,-2.3263954835750916e-03,1.6006202636589618e-02,1.3334834795796804e-02,-6.1255564991277564e-03,4.2007816209347938e-02,2.6381834726871396e-02,7.6883353919223796e-02,2.4849485255617622e-02,2.9105952769415452e-02,-3.8956196923742113e-03,7.0620913177637523e-03,5.4662862406979623e-05,5.1950163671050029e-02,5.9211808299691165e-02,-8.6444647639489447e-02,1.9243310385640019e-02,-1.0302726327996656e-01,-1.7753864516591542e-02,-3.1102538683926095e-02,-1.8476132933490885e-01,3.1436078362767912e-02,-3.9130826946205080e-02,5.2731181384980154e-02,-1.0982842625321582e-01,5.7839472486560586e-02,-1.8412250495061663e-02,1.6328747101294117e-02,-1.3063168568640754e-01,-4.8896930792904594e-02,-1.4565580152281843e-01,-5.2232229918195046e-02,-1.4658559063362646e+00,-2.0276233704696439e-01
7.5434472920702433e-02,6.1940762462718360e-02,-1.9402423939267541e-02,6.8820365111793888e-02,3.8516122523125702e-02,-5.4009108397611010e-03,1.2518686541130131e-02,1.6048523608066155e-02,6.2665502681807914e-02,5.7895185380684847e-02,-2.7784648353010928e-02,5.8721234444422087e-02,1.0309985559335963e-01,6.7385277969407867e-02,9.4911132632530371e-02,3.4345150192997539e-02,6.6820765761118797e-02,1.1353614225322183e-01,6.7156027605806051e-02,6.1819003713117923e-02,3.6764891138763987e-02,-3.1304716654767174e-02,4.1381714099566334e-02,5.6617716744312666e-02,5.9880962161736162e-02,4.8629502547895054e-02,4.8507759347747509e-02,1.2125683243063290e-02,3.2518936345835858e-02,-9.2253487316458545e-03,2.4976495011748505e-03,2.9696361358464221e-03,7.3828760530381798e-03,-4.0079171121656463e-03,-1.3538773430431044e-02,-1.7921445372415881e-02,1.5541892253338909e-02,4.7421255638432497e-03,1.0806061094940547e-02,-9.3897895961984109e-03,5.0679546370452216e-02,2.0101771770463340e-02,4.4149537478805859e-02,-1.0383278125368489e-02,8.4643855252288271e-03,-2.4062838461163659e-02,6.8062009588918990e-02,3.8260459203499700e-02,4.3018402208243101e-02,1.4617369134242530e-02,1.0400785757875421e-02,3.9211614117845434e-02,6.7521941706007171e-02,-2.0966256766376753e-02,1.0841999493077344e-02,1.8675161345388113e-02,-3.6982464851121307e-03,4.3335557777082714e-02,1.2718507518438510e-02,6.1970783136837744e-02,3.0468299214282311e-02,3.4510741211352620e-02,3.0692193966709094e-03,8.8235986265533684e-03,-2.5177116751821200e-03,4.9292224542740126e-02,2.9160033993630728e-02,-7.9003168359304821e-02,1.3167131330813674e-02,-1.0203791833845971e-01,-6.0493379209050568e-02,-7.8100937168632076e-02,-1.7038563543545859e-01,7.4645054005493108e-02,-5.8048340171843502e-02,2.4235275755319762e-02,-1.0622957171772751e-01,5.9901195695352703e-02,-3.8521101283624265e-02,-6.4400369176376461e-03,-1.2863558768301583e-01,5.3159731529534363e-03,-1.4747215813621636e-01,-2.9322876386064040e-02,-1.2516795310925399e+00,9.8734121302484101e-02
8.7338787463087583e-02,6.0556266459524118e-02,-1.9469976489324803e-02,8.8205989258016745e-02,1.5780804585474033e-02,-7.6388719393490189e-03,2.1325908564561291e-02,1.3371602453834846e-02,5.9565437671004071e-02,6.9497921253351164e-02,-4.5847003014474016e-02,5.4865368749029336e-02,1.0373847684110274e-01,7.9347079431785802e-02,1.1479423143451468e-01,5.5525273256251617e-02,7.4010756945036782e-02,1.2639594678726265e-01,6.5146618465460215e-02,6.6166683065985443e-02,4.3631204648593422e-02,-2.7570836830894948e-02,4.8084953687606007e-02,6.1456706257416567e-02,6.0639610132847833e-02,4.4740628585874943e-02,4.2241107656869614e-02,6.6058551422906713e-03,2.8279523427666854e-02,-1.3242914379603671e-02,6.0363269883897640e-02,2.1587127838250390e-02,5.4255755917262810e-02,-9.6752260295423099e-03,-1.1077995494603633e-02,-4.3470374104831205e-02,5.9999667876722930e-02,1.9011364845949660e-02,4.7236234688596189e-02,-1.4462874641627000e-02,5.0989751684929391e-02,-2.4346235314298276e-03,7.6321588672135177e-02,6.9421789051610575e-05,3.3479772343094349e-02,-2.5402256727394820e-02,7.3416555656752938e-02,3.1339297369372562e-02,9.1084539270157097e-02,2.9804811358456751e-02,5.2526380206681614e-02,2.8999235059161355e-02,5.7452071778862558e-02,-6.4465131907342973e-02,3.6121246818539454e-02,2.6910445149717108e-02,1.5556651236605667e-02,4.2963859471255444e-02,1.8422083105172276e-02,5.9332144248461879e-02,7.5874086204632846e-02,4.9277897451498805e-02,3.7982490117018916e-02,7.5914931153802188e-03,6.4792193815062871e-03,4.2188237983478434e-02,-3.2412699269133600e-02,-9.9412486610308132e-02,-2.7434410282529950e-02,-1.1180131373515828e-01,-9.7743737616831250e-02,-1.1452555592084018e-01,-1.5980870911988329e-01,1.5495118279143211e-01,-8.0628790989202392e-02,7.4607516641432184e-02,-1.0118220869111581e-01,8.3732173462735426e-02,-6.4382891485263966e-02,4.4024260384640912e-02,-1.3902481839174358e-01,1.2619469084008209e-01,-1.7729549948030160e-01,1.8353553555540442e-02,-9.6816476524342443e-01,-7.5818918842195437e-02
1.2586302025430940e-01,9.4533663172575139e-02,7.7133788633752948e-03,1.6372253232047596e-01,1.2047982513222763e-02,8.9794252279878483e-03,2.7243522643668989e-02,3.3407953789200924e-02,8.5372407226169622e-02,8.7605020212852186e-02,-2.1146305398636780e-02,8.1144490187757434e-02,1.2845840164877403e-01,1.2712204236262190e-01,1.7476391252482454e-01,1.1680479378192193e-01,1.1582363968578190e-01,1.8093149296475339e-01,5.4053299987331549e-02,4.8140712239807017e-02,2.3760311561364093e-02,-4.9099747563905130e-02,3.5098606902526516e-02,4.3443241726573552e-02,6.2984665258130734e-02,5.3657250519989229e-02,5.5623644218574200e-02,2.0703195614754661e-02,3.9552753397179945e-02,-7.0133229991459906e-05,1.2181225435474749e-01,5.0662493209556909e-02,8.5620908272610458e-02,5.2241646274689326e-03,3.7782986459043710e-02,-5.6234752851848216e-02,1.0339874643208345e-01,3.9576286660425196e-02,6.9443036534103497e-02,-3.8722997435242795e-03,8.5562843544993467e-02,-1.0919854436401035e-02,1.1989397366638363e-01,2.1733201102924947e-02,6.0180350627195303e-02,-9.2069168390157587e-03,1.1066999102944311e-01,6.9366865882817388e-02,1.5178022416133938e-01,5.8460474024677501e-02,8.3719657732996181e-02,4.3990945063650706e-02,1.0560822672180550e-01,-7.4548830856719706e-02,5.8316217865507253e-02,3.7478813280617258e-02,2.6979768927523230e-02,4.8463746938177454e-02,3.6227641588730999e-02,5.5554163944481184e-02,1.1988952767948796e-01,7.0964591029390442e-02,6.4166127032010037e-02,2.2955547599111691e-02,4.3619859449768539e-02,7.2203747676714378e-02,4.9956101011018168e-02,-5.8189589509441503e-02,2.2559479803772951e-02,-8.1795877440944575e-02,-2.6742678368124981e-02,-4.7039587109164616e-02,-1.5161303237556331e-01,2.7094623707915211e-01,-4.3580953774095335e-02,1.0325110458110280e-01,-8.6771459876308688e-02,1.6188922004181905e-01,-1.7298727506234804e-02,3.7873291974596893e-02,-1.0980923819888370e-01,1.6166270529157570e-01,-1.5921319431574849e-01,-3.7618486995487796e-02,-1.3327929208602902e+00,8.0698773606080076e-02
1.2055670559692443e-01,8.6295620626613626e-02,-6.5611948195477606e-03,1.5847228043267939e-01,3.8043613880785077e-03,-3.7552718612344233e-03,4.0668875987332778e-02,4.8588174466545266e-02,1.0476165946786932e-01,1.0918657824327846e-01,-1.0458770841545100e-02,9.8888072980761813e-02,1.4467167424235461e-01,1.4335812230504411e-01,1.9293805898121405e-01,1.3911085440363491e-01,1.2525630454285824e-01,1.9753696573647903e-01,5.6962823319942832e-02,5.1587258773081346e-02,2.8488990322474598e-02,-4.4623632218916458e-02,3.7720905189300470e-02,4.7674100099918321e-02,5.1756898272364724e-02,4.1309505481267564e-02,4.0058338908888602e-02,2.1463203050009101e-03,3.1205515356981850e-02,-1.3948121583957968e-02,1.2576278290035839e-01,5.2780419652022847e-02,8.8203555369666939e-02,5.9461789313107359e-03,3.9544090293106592e-02,-6.3518133550078154e-02,1.0946434349932876e-01,4.2266913009287012e-02,7.3219819471763814e-02,-2.9198778259273235e-03,8.8854207122902262e-02,-1.5770210903078299e-02,1.3635685550797430e-01,2.7642677207872293e-02,6.9972510836003532e-02,-7.0089881390909062e-03,1.2111777039636960e-01,7.2183811562293906e-02,1.5900178612074559e-01,6.1843417860357186e-02,8.8276986941473803e-02,4.5171387235401081e-02,1.0945936451321922e-01,-8.1848441881953851e-02,6.3676448808700992e-02,3.9574852284940537e-02,3.0209878901876559e-02,4.9228359714738747e-02,3.9287849297172085e-02,5.3826872355787814e-02,1.4000369371054952e-01,7.8059651252089676e-02,7.6065243435858604e-02,2.5603620819049426e-02,5.6420497636211056e-02,7.6594668452583073e-02,-9.0100748787367499e-03,-7.7101116849326398e-02,-1.1390948502071549e-02,-8.8994813861505817e-02,-6.5191992540772126e-02,-7.5983228864048541e-02,-1.3709143915004576e-01,2.9408350147452950e-01,-5.4015931706340045e-02,1.2043753646553874e-01,-7.8588884471832571e-02,1.7584620242966842e-01,-3.2895789732760694e-02,4.9830496146535827e-02,-1.1301838007846852e-01,1.8178586611966174e-01,-1.7840348113213364e-01,-3.0769765998461585e-02,-1.1264197909932319e+00,-1.6928123001819242e-02
1.6633204941816612e-01,9.6113277060241892e-02,-5.3206974743705011e-02,2.1130635208700962e-01,-3.6223512661208629e-02,-4.9808012042961466e-02,-3.8624285039452325e-02,1.8259348329637895e-03,1.0290817596155435e-01,1.6789892365332793e-02,9.6704421127979077e-04,9.6337968382243899e-02,2.5301615534409821e-01,2.5413105215902559e-01,3.2476594621803601e-01,2.9226287723164007e-01,1.9134492866051572e-01,3.2653281711915783e-01,1.2513724436815088e-02,9.2468320568372467e-03,-1.7656465600267044e-02,-1.0338780032626738e-01,1.5739856697214626e-02,2.8953665994993008e-03,5.3346653900117356e-02,4.2971753970103062e-02,3.9017323391435106e-02,1.6063862214542902e-02,3.1891000223524216e-02,-1.2556335223178632e-02,1.8245527239998577e-01,7.6275714428558614e-02,1.2282785559552711e-01,1.2990683810999864e-02,6.7170757467061748e-02,-1.1789235258536232e-01,1.6415932631968405e-01,6.4639217302270985e-02,1.0613352102470222e-01,5.2378697850468054e-03,1.1953690914090392e-01,-4.0971005454389059e-02,2.0385614576608158e-01,5.4038401696475467e-02,1.0858946364303235e-01,8.4772591671447069e-03,1.7504045530702833e-01,1.4999268400554494e-01,2.2004571743696916e-01,8.6508911209502354e-02,1.2492458264496070e-01,5.3529573287007581e-02,1.4129566213305900e-01,-1.2207444625938313e-01,1.2190020256761984e-01,6.3633131113588162e-02,6.5279946308519243e-02,5.9075651801887022e-02,7.5467649307836115e-02,4.6676129301632008e-02,2.0766671603249126e-01,1.0456804595737541e-01,1.1490396179319262e-01,4.0879045897688086e-02,1.0965879981689952e-01,1.4926153231554593e-01,-1.2873811862981373e-03,-7.3272515555279388e-02,-7.0033143414627540e-03,-8.7658620243837887e-02,-5.8657365236551046e-02,-7.3486375054236858e-02,-1.8392482007969468e-01,4.2492620756948413e-01,-6.9532982976919608e-02,1.7368983067229976e-01,-9.5450523141734647e-02,2.5556170485500163e-01,-3.0752911394964364e-02,7.2564184248748359e-02,-1.5099536888112117e-01,2.5692408319213772e-01,-2.7335903815738799e-01,-6.4044132469315840e-02,-1.1288047577629567e+00,4.3017782840302950e-03
1.5524437979918027e-01,5.7877019538081095e-02,-1.6045730639600375e-01,1.7996807530876041e-01,-8.7951469612730565e-02,-1.5227040432906780e-01,-1.6852951528015803e-01,-6.2020580991526290e-02,1.7570241585417645e-01,-1.2265433583836335e-01,9.6417198791897210e-03,1.6311893808707728e-01,3.5363124523586986e-01,3.5494794697291132e-01,4.4370354522966332e-01,4.1941670880501614e-01,2.6648506210701911e-01,4.4399547318587607e-01,-1.8217540269339541e-02,-1.7284559141778094e-02,-3.8840325438054019e-02,-1.4084546549190766e-01,-1.4277684567982896e-04,-1.7981016454925516e-02,4.7051658455653449e-02,4.0334145042669210e-02,3.8263832483216235e-02,9.7432083849598762e-03,3.2898392081320782e-02,-8.4242684126697651e-03,2.3941350572205211e-01,1.0321566264849877e-01,1.6340182777196977e-01,2.3836092762308813e-02,9.3679244622034807e-02,-2.0622797036223328e-01,2.2721883622429112e-01,9.2595870563261656e-02,1.4721571681656692e-01,1.6780430690602730e-02,1.5610124503317518e-01,-7.8029041406434907e-02,3.0070866483901126e-01,9.2722134869999945e-02,1.6290582967999448e-01,2.5148247860068328e-02,2.4777897620857992e-01,2.3232943358341990e-01,2.8342840220416510e-01,1.1589201872718330e-01,1.6857756804497542e-01,6.5534291943954825e-02,1.7467485687419965e-01,-1.9068089921633619e-01,1.8544464131001304e-01,8.9949179524159192e-02,1.0336579036217990e-01,7.0128865360696818e-02,1.1688751684598098e-01,5.2842440642870379e-02,3.0430007220905536e-01,1.4298019144020052e-01,1.6914687843307213e-01,5.7417132421824238e-02,1.8114084047334555e-01,2.2577496825003171e-01,-2.4564751594465728e-03,-6.7986401504612951e-02,-3.3430088010336146e-03,-8.5597107158885452e-02,-5.0368698667036561e-02,-5.9342609578480726e-02,-2.1369906218855345e-01,6.1240531032344059e-01,-7.7480679995877488e-02,2.5061782871622768e-01,-1.0234833017567907e-01,3.6937166191055792e-01,-3.2577944366974684e-02,1.0158635829230270e-01,-1.8740550502675110e-01,3.6934702804590291e-01,-4.2681691986901182e-01,-9.9769564798815977e-02,-1.1530271618370902e+00,1.7671583331810268e-02
4.5145383786708349e-01,-5.6157253448033920e-02,-4.3422252405840397e-02,4.5678200448197581e-01,-2.5134553681091298e-01,-7.9814110501333912e-02,-2.9138792038827771e-02,-7.0765442964426245e-03,-1.7871899006154740e-02,1.4556360611947131e-01,-1.4100558609361022e-01,-6.9876355126025969e-02,5.5944008538299328e-01,6.2163527260728979e-01,6.6936785797951526e-01,6.7801740596151516e-01,4.4989118288812807e-01,6.7844488588083329e-01,1.3300948259603618e-01,1.4306877360766071e-01,1.1588061805040459e-01,6.0778941911156958e-02,1.3819653614079314e-01,1.4664891371282551e-01,5.6492594995813578e-02,4.1860442569414263e-03,1.4961558941134299e-02,-6.7457814988655357e-02,-1.2163679328681093e-02,-3.6567870065103016e-02,3.6082737430675099e-01,1.6446392197668583e-01,2.4867928302139880e-01,4.8032979984320386e-02,1.6238383031600123e-01,-4.8348871818876288e-01,3.9722579495370097e-01,1.6777696427930427e-01,2.5677227913931183e-01,4.6443956458379634e-02,2.4830515263270958e-01,-2.6053648249486255e-01,4.9517408741909769e-01,1.6356348909608523e-01,2.7356121888516899e-01,5.2652227454019880e-02,3.4431397549316189e-01,3.0345710146494465e-01,3.8715670106810079e-01,1.6324940539325838e-01,2.3980102727383304e-01,8.3046931870158075e-02,2.0538160365748415e-01,-5.8800632058128843e-01,3.6077044440386175e-01,1.6573620488667834e-01,2.1278807290868498e-01,1.0102528507246292e-01,2.3170391520604033e-01,1.2683324778183747e-01,5.1504128855780085e-01,2.1916440166844303e-01,2.8803897481842056e-01,8.7027580100754537e-02,2.8672475191387825e-01,2.9314677112036946e-01,-7.1303004348641119e-02,-4.7351777787080968e-02,2.5412336731888865e-03,-7.5274526252832569e-02,-3.3120113239333851e-02,-1.4433842673229053e-01,1.8079294851356820e-01,1.1435004016557697e+00,8.5982655212647807e-02,4.6308357443703402e-01,1.4615460916136164e-01,6.8370145214535050e-01,2.9391557234409588e-02,1.7950841906815568e-01,4.2870404232356246e-02,6.9521419884305047e-01,-6.9696484405537706e-01,-2.2249221897242194e-01,-1.1717517526951022e+00,1.0786325491265554e-01
-1.3270059377373078e-01,4.5030079065227735e-01,7.5680278133424234e-02,3.5668020480738671e-01,-6.8426406687360386e-01,1.2397337499303632e-01,2.1711250203400637e-01,-1.0190414978292561e+00,3.4292295989318955e-01,2.0134898397386597e-01,-3.4424869138990677e-02,3.4721799418866572e-01,4.1226144796685948e-01,5.0056394693547446e-01,6.7262663145667900e-01,9.3122583503321321e-01,5.2653725310116950e-01,6.5965647055202503e-01,2.1227036802823876e-01,1.5412716811863508e-01,4.9942467102788024e-01,-9.7576811934242269e-01,2.0130875036310736e-01,5.6028347039543214e-01,3.5609797829944934e-01,-1.0218206616569135e-01,-8.9647914295883438e-02,-9.6079322819751692e-02,8.0168255239980646e-01,1.1058062651479705e-01,2.8191566557729580e-01,8.7667222901801678e-02,8.6075533737423993e-02,1.9267309947571615e-02,8.6898171556055837e-02,-7.8167038657044063e-01,3.4088920667648792e-01,1.5014915671113035e-01,2.3165966029223131e-01,4.0192173038409565e-02,2.3079125560150807e-01,-9.2063886317184096e-04,4.3739284552738189e-01,1.4786795493859234e-01,2.4924376582370386e-01,4.7058458148223625e-02,3.2399209307074600e-01,5.1974469761797182e-01,4.0326561581840215e-01,1.0239428217890932e-01,1.3308434808062580e-01,5.8597791086306236e-02,1.6313943783816037e-01,-6.7696060881132536e-01,3.2477859196404024e-01,1.8451899961982599e-01,2.4660143122467248e-01,1.0762455127313790e-01,2.1854070285452357e-01,2.0388831886617398e-01,4.7518105638031843e-01,2.0821239426306956e-01,2.7188021427390197e-01,8.2153611900869922e-02,2.5805666904004754e-01,4.2229388967053316e-01,-5.9230641996635047e-01,-7.5659226984217301e-02,-1.1595972895182415e-01,-7.0632863375219360e-02,-5.6349323022788549e-02,-1.1236393564711547e-01,-1.1888186535220552e-01,1.0685579597943249e+00,-3.7119296324426135e-02,4.2088519811821057e-01,-4.4916222264893002e-02,6.1508490301479402e-01,-1.1065071823174552e-02,1.6132199473640169e-01,-9.8762344677631564e-02,6.4080316579575169e-01,-5.3322494488591698e-01,-3.2080833071329723e-02,-1.0617876956994976e+00,1.3047811156194722e-01
1.4078162510824876e-01,1.1900694738097795e-02,-1.2260292992386226e-01,4.0999653863909169e-01,-6.2341189033453503e-01,-3.4617632585429242e-02,-1.1501526987579799e-01,-7.9171519570520843e-01,3.0880173478806000e-01,-2.3330661481425341e-01,2.5256406280520539e-02,2.5493216868286023e-01,4.7673799847944381e-01,5.2242222106292624e-01,7.0080972310294920e-01,1.0329366884994573e+00,4.9070873228745121e-01,7.2004979737333497e-01,2.0275592660403227e-01,1.1862345967385635e-01,5.3564298277977718e-01,-9.6460897284341607e-01,2.4788579889277118e-01,5.6442482148069517e-01,4.0695756776435804e-01,-1.5120801113190457e-01,-3.7841711078097938e-02,1.6996257889820163e-02,7.7787720812603922e-01,1.6286737526631953e-01,2.7811847728720279e-01,8.1753376930314592e-02,7.8223282438892844e-02,1.5404315385337274e-02,9.3093538677347501e-02,-6.7036204928869148e-01,1.9621230660453209e-01,8.4423523747263640e-02,1.3691713321847762e-01,1.6227536649709412e-02,1.1455590857826606e-01,-1.5396212106634280e-01,4.0776450116345797e-01,1.4929633980617130e-01,2.5086030720741448e-01,4.6619864176444370e-02,3.3443229777207439e-01,5.9577755989613057e-01,3.1311789664615719e-01,1.0791492389880228e-01,1.4513010504282645e-01,6.1317566464139731e-02,1.5620205417856242e-01,-8.7682750433461532e-01,3.0856373912353385e-01,1.6331567084280887e-01,2.1794600792017504e-01,9.7440291357646605e-02,2.0664429384535182e-01,3.2095246573334246e-01,4.5068770964901428e-01,2.1396378481240746e-01,2.8126032615219332e-01,8.2983388370587233e-02,2.7674506003987687e-01,4.8561592992182423e-01,-5.5382611686122307e-01,-6.3744244747762357e-02,-9.2856956010674424e-02,-6.8285574444568342e-02,-2.3555225497835064e-02,-9.3269025284908269e-02,-7.7835875754903874e-02,9.7435365212400715e-01,-5.7615931302866200e-02,3.8554129442237961e-01,-6.1550418405704119e-02,5.6482465847027274e-01,-1.9366379053785802e-02,1.4774112849133722e-01,-1.1137026102704807e-01,5.9524069191817075e-01,-7.9800203373706702e-01,-5.6875797386726656e-02,-1.1274776133904993e+00,1.3896643507243803e-01
1.9277482831420401e-01,6.0956413939377202e-02,-1.8918332184942999e-01,4.4763467541168267e-01,-3.6042312621497097e-01,-1.4058086911199225e-02,-8.7271320485663620e-02,-8.2124241542969800e-01,3.1508698518417233e-01,-2.5093477221539112e-01,-2.9151389502276276e-02,1.9940067479378121e-01,5.5125141205021089e-01,5.8534584991627847e-01,8.6142575481085037e-01,1.1318285035467404e+00,5.3127450660399778e-01,8.7786846322084677e-01,2.3741192692246130e-01,1.4934097235908761e-01,6.3452677302637706e-01,-9.1447168528614753e-01,3.0482785008958929e-01,6.5247938593060528e-01,3.4097691503610678e-01,-1.7162234267206175e-01,-5.4048711533670434e-02,-8.7565728351698624e-02,6.0722862965979507e-01,1.1668058964261141e-01,4.0117992443389078e-01,1.3105148288700583e-01,1.4482829394802377e-01,3.5245496621798142e-02,1.6072300220695487e-01,-6.4915911645716773e-01,2.7168103767782614e-01,1.4336224976441278e-01,2.2513312997978308e-01,3.7781125643672572e-02,2.1580202365936674e-01,-1.5779168414900235e-01,6.2104641702216234e-01,2.1935359434894244e-01,3.5357283681876361e-01,7.4226664334745174e-02,4.3511523500279103e-01,6.0816135882550715e-01,3.4052612714141256e-01,1.5274855050838354e-01,2.1244405053418508e-01,7.7551677052117476e-02,2.3417658298732849e-01,-9.4595609975158679e-01,2.6979208162980145e-01,9.1207165399503923e-02,1.0267269251827309e-01,7.2595324797814886e-02,7.2445550194415703e-02,4.5606268108515213e-01,6.6119411889001545e-01,2.8367624324100243e-01,3.8080189905909567e-01,1.1081423278191435e-01,3.7373764883913974e-01,5.0273583800128807e-01,-4.4455409914363830e-01,-5.0999408191868871e-02,-8.8899165998141294e-02,-6.0394289842263638e-02,-3.0209972709338770e-02,1.1518424972292440e-03,-6.8955213271672505e-02,1.1518252978787533e+00,-7.4483918281435010e-02,4.5462054162550974e-01,-8.3559570492154969e-02,6.6449119839249460e-01,-2.4190302520902505e-02,1.6250499206217450e-01,-1.3769712661583988e-01,7.0997380360439077e-01,-9.0989785507511467e-01,2.2601068433110993e-03,-1.2157153789012114e+00,1.8527382964373357e-01
7.3068241717041266e-02,1.9776754081135020e-01,-1.8622603200751339e-01,4.7830090697164851e-01,-2.6032565418570952e-01,-5.5333028480665077e-02,-6.7853708775548471e-02,-8.4580468536386921e-01,2.5227365245373246e-01,-2.6551014612199003e-01,-3.3104638326210738e-02,2.3972441597087782e-01,6.0679877648392444e-01,6.3588746497719395e-01,9.6486945697224169e-01,1.1938365488604039e+00,5.5937506083494171e-01,9.8600018177175697e-01,2.2927709927913387e-01,1.8300347236040265e-01,7.6975186699974363e-01,-9.1374681262203949e-01,3.8112606162863033e-01,7.8955190971999500e-01,3.6832182941987512e-01,-4.5158708128893194e-02,-8.2810823760394253e-02,-2.3216206359357838e-02,5.5719313211383448e-01,4.0198330452601086e-02,4.4783789584825739e-01,1.3958454298621933e-01,1.5742863121455652e-01,3.8642801227704714e-02,1.7401742214823393e-01,-6.6424817121737578e-01,2.9572681195361483e-01,1.6569390809616502e-01,2.5434377031345168e-01,4.5424681216326465e-02,2.5156029252752793e-01,-1.7945398451665509e-01,7.5337091128661526e-01,2.7641946081054436e-01,4.3740196516648433e-01,9.4568459156177828e-02,5.2416704958854776e-01,6.5577524921544950e-01,3.5254448609211980e-01,1.5189719084287201e-01,2.1043282286799597e-01,7.7435270161450173e-02,2.3307315069042112e-01,-1.0010540924153684e+00,3.1604623878537230e-01,9.6902468684959484e-02,1.1407093019131068e-01,7.5062122954121957e-02,7.9077439581085027e-02,4.1204488086305185e-01,8.0450401412814310e-01,3.3906943340610918e-01,4.6196572468321140e-01,1.3075886465873557e-01,4.6033149981873012e-01,5.3562117589678437e-01,-4.0820755445151646e-01,-6.5967791234913475e-02,-1.0657145150813038e-01,-6.4797531029665845e-02,-5.6258013141402233e-02,-9.6531080771856334e-02,-1.0059801107320876e-01,1.3371948619367642e+00,-9.3113504296012853e-02,5.2608267032659650e-01,-1.0723363227724533e-01,7.6921160177043535e-01,-2.7871019304622147e-02,1.9005358407970457e-01,-1.6292762304924338e-01,8.2140132786806785e-01,-8.9174284999590536e-01,1.2094195760380257e-02,-1.2398577012324805e+00,1.5411841465825862e-01
9.1832382339246496e-02,2.6934923451381909e-01,-4.7560133008132588e-01,9.9648685407176996e-01,-3.4398366168618522e-02,-7.1980396635040328e-02,-9.0485138025007225e-02,-1.0432861196097141e+00,2.3126333739685073e-01,-4.6651248787087518e-01,1.3465040629549541e-01,3.9289903998997522e-01,7.6368435793878042e-01,7.6667860786113085e-01,1.2425096419069357e+00,1.3622862015843351e+00,6.4573755301974534e-01,1.2866208827807200e+00,1.6501823863151038e-01,2.4599591737726190e-01,1.0570686137382199e+00,-1.0720386350732991e+00,4.4233010971971365e-01,1.0823944919928996e+00,4.8996325687827214e-01,-3.1923285888079689e-03,-1.8021842973384478e-01,-2.0564197908637418e-02,3.8833221901204085e-01,-2.4520153691351160e-02,6.0816530754087739e-01,1.9453585228564224e-01,2.3404324689409489e-01,5.7717838798173035e-02,2.6414439535578776e-01,-7.4687792546979392e-01,4.6119704310300219e-01,2.3483087627725940e-01,3.5007748959100987e-01,6.9848935245778523e-02,3.6019191446048737e-01,-4.5108634939658998e-01,1.0554732046103719e+00,3.9674728074480575e-01,6.1814218674570653e-01,1.3857967669229282e-01,7.0983296486618730e-01,8.9904670949220966e-01,4.7353698949466838e-01,2.0927893107420409e-01,2.8430880894633426e-01,9.7809643014302033e-02,3.2388260917142836e-01,-1.4476273208133903e+00,4.5843986217226462e-01,1.1803859001124822e-01,1.5479374185098646e-01,8.3591169626912265e-02,1.1179848731350940e-01,3.5896430890624886e-01,1.1199289983416825e+00,4.6828801749475751e-01,6.4983580454214951e-01,1.7713858123769979e-01,6.6334499368134825e-01,7.1180430986742560e-01,-2.8306246494988996e-01,-5.7112610885377432e-02,-9.3686676893562845e-02,-6.2397422814148146e-02,-3.4480192947884278e-02,-3.2694851044222872e-01,-5.9233760199976636e-02,1.8354618380788468e+00,-1.2557223210500415e-01,7.2302075825492107e-01,-1.3043030050949916e-01,1.0543775401628599e+00,-1.9162539917105179e-02,2.6576322862885754e-01,-2.0492643975240726e-01,1.1261877108415344e+00,-1.0015450810711704e+00,-2.5621401309568168e-02,-1.7078073566564171e+00,9.5621709793098336e-02
8.2941422434819737e-02,2.6473011487507292e-01,-4.5318854503900646e-01,9.2615495894088862e-01,-7.8660485436146704e-02,1.1682871568788250e-02,-2.1877649683567119e-01,-1.1010081006300301e+00,2.5166716551153184e-01,-3.8544138536432193e-01,1.4918846862701923e-01,3.9900425491226182e-01,7.7606468421398500e-01,7.4911983683151717e-01,1.2759616140774952e+00,1.3730098206427077e+00,6.5689581679493148e-01,1.2953693594062234e+00,1.8008198883685669e-01,2.9255271853111892e-01,1.0822962766355717e+00,-1.0976128366440143e+00,4.5728884609128490e-01,1.1598703484499906e+00,4.7323195109451272e-01,-9.9854518737012652e-03,-7.1297910735127326e-02,1.2047167753283249e-02,3.5413208012224900e-01,-7.1907385110843297e-02,6.1380178963942733e-01,1.9770066125619795e-01,2.3632742374301896e-01,5.8387674989695756e-02,2.6658279408365604e-01,-7.6628751213977053e-01,4.9414236836852832e-01,2.3942832143571643e-01,3.5766702861566974e-01,6.8064715818386190e-02,3.7069678398730865e-01,-5.3880711622923616e-01,1.0956021373133815e+00,4.0997720768993928e-01,6.3665041388264698e-01,1.4184569293881658e-01,7.3318263992837407e-01,8.9939545942932253e-01,4.0829189041969949e-01,1.9430271630121201e-01,2.6615617699308614e-01,9.4649651100369908e-02,2.9971288630089693e-01,-1.4381795103875945e+00,4.6503106660756210e-01,1.2203034877206423e-01,1.5856927930792858e-01,8.5134576222689773e-02,1.1566255796574000e-01,3.5940826230913481e-01,1.1483569752167053e+00,4.8400387641487419e-01,6.7314667743346857e-01,1.8437903242754020e-01,6.8728781676547890e-01,7.5830259151450097e-01,-3.0733398370102655e-01,-6.7334534636873944e-02,-1.1424914333674444e-01,-6.6904337790780616e-02,-5.6630819068331908e-02,-3.6047093289434351e-01,-7.8665181673981593e-02,1.8767935405156178e+00,-1.3669984107361971e-01,7.3802690137677651e-01,-1.4869099894446750e-01,1.0765127255609670e+00,-1.7451236309758117e-02,2.7251623002645198e-01,-2.2914726366657115e-01,1.1475361424523327e+00,-1.0724410062932295e+00,6.9755689763135280e-03,-1.7701526806615269e+00,7.4456943879375292e-02
9.5011500221628881e-02,2.7747558376367581e-01,-4.2520473602345721e-01,7.9178778114470194e-01,-1.1013741935681629e-01,8.5836099965677329e-02,-2.8695534693010760e-01,-1.1297375100379634e+00,4.2298909293998821e-01,-4.4637373117919760e-01,9.1648248682113659e-02,2.7075465717492486e-01,8.6156788321242572e-01,7.5501179037157062e-01,1.3840808335367749e+00,1.4342485759609662e+00,6.8617345974708754e-01,1.3546284862959397e+00,1.2338872149051380e-01,3.5158336339647578e-01,1.0405915345369696e+00,-1.2999582511405749e+00,5.0985613076997072e-01,1.2886337147717690e+00,4.6664374977440520e-01,2.4297088147454300e-03,-3.6817678948127132e-02,-4.1322149903598761e-03,2.7289930381525962e-01,-6.7123881887853343e-02,6.2500731707947477e-01,2.5652881712574160e-01,2.9759641394607600e-01,6.8473749213692175e-02,3.5147555641572820e-01,-8.7023469745554738e-01,3.3626861261345520e-01,3.0364644601728064e-01,4.0237540124310339e-01,4.3451145370304853e-02,5.0218523623864464e-01,-6.7030930914451170e-01,1.1791132350390905e+00,4.8071510651356308e-01,7.1314671706485133e-01,1.4545025606441797e-01,8.5971357222571343e-01,8.7272520648860030e-01,4.4336860955642093e-01,1.3150959260353068e-01,2.3080995633084661e-01,1.1588516530297813e-01,1.7349072429640713e-01,-1.4526272922221397e+00,4.9478799662834771e-01,1.4225087668961864e-01,1.8106941494401835e-01,9.4429336678552619e-02,1.3565562168137746e-01,3.0009122559459078e-01,1.2773802559092042e+00,4.4859623743481153e-01,6.6304426293319152e-01,2.0343848649607590e-01,6.1581286682003544e-01,8.1213721227367552e-01,-3.7945195013585076e-01,-3.2731119358866509e-02,-9.8141011488454430e-02,-6.0240676192854385e-02,-3.0710299394830699e-02,-5.2787226980684665e-01,-2.9448968804549738e-02,1.9949227953004911e+00,-9.5031233233100559e-02,7.8336206711904455e-01,-1.4904140934181245e-01,1.1338877415590520e+00,8.5440044020610242e-02,2.9882067696550224e-01,-2.8542004541232147e-01,1.2045870418039542e+00,-1.4449479086867618e+00,2.5011403940546992e-03,-2.1088314432657009e+00,7.7847741464699055e-02
1.1443746153941969e-01,2.9026857170511894e-01,-4.2422724301709230e-01,7.7524484407209249e-01,-1.1454886607187903e-01,6.3900335545429898e-02,-3.1973161317530163e-01,-1.2028488970073201e+00,4.8914092231784506e-01,-5.3814127435908243e-01,1.0098607317306862e-01,2.7601040538475607e-01,8.8205290002534753e-01,7.7218040940266908e-01,1.4187953196573466e+00,1.4501732514664161e+00,6.9870197944507240e-01,1.3932824284451348e+00,1.1446962401601113e-01,3.4870196706612300e-01,1.0469077629599917e+00,-1.3095377855899009e+00,5.1107462308507112e-01,1.2928155492001112e+00,4.0067439162036622e-01,-6.8541951675375745e-03,-1.9285714987102676e-02,2.1148457849425359e-02,2.6137092968039427e-01,-3.7443370005626114e-02,6.2710257556524052e-01,2.5710472588568262e-01,2.9931710319661364e-01,6.6019812404369688e-02,3.5728505363458507e-01,-8.7298373483304637e-01,3.4043212271442791e-01,3.1481943543027391e-01,4.1959904250228414e-01,3.3125831633697006e-02,5.3727296366710775e-01,-7.3398950462414692e-01,1.2073530744793604e+00,4.8467739679709221e-01,7.1736387150293812e-01,1.5615047574342791e-01,8.5618757072158136e-01,9.0901298109164397e-01,4.5284897617675590e-01,1.3982041273744583e-01,2.4451548318522351e-01,1.1397525322400939e-01,1.9002392502595303e-01,-1.5140621974286699e+00,5.0150486865441890e-01,1.4148900188312510e-01,1.7997392688683211e-01,9.6794778588509572e-02,1.3268479551614176e-01,3.1637371075747228e-01,1.3056102225716029e+00,4.5899287042044473e-01,6.7834962183227843e-01,2.0990909772974375e-01,6.2755138237841501e-01,8.2321833088375351e-01,-3.9838260836953054e-01,-4.5373239835497507e-02,-1.1501052464949613e-01,-6.4300482081694199e-02,-4.7447634353569829e-02,-4.9967280934025965e-01,1.8449669349156518e-02,2.0396094861087395e+00,-9.4426235367093450e-02,7.9813804635474317e-01,-1.4269519456762980e-01,1.1568926170188625e+00,9.0756356453341513e-02,3.0572997047098727e-01,-2.8041892177168454e-01,1.2275305481197272e+00,-1.5112298561944331e+00,3.9482577327772002e-02,-2.1077090495483586e+00,6.3220001096472897e-02
1.6053500765752698e-01,3.6206292013348212e-01,-4.8959219118782143e-01,8.8644438999970432e-01,-1.4691921238175454e-01,5.1311170483409246e-02,-3.7983669508173945e-01,-1.2306634105652252e+00,5.3609724358601640e-01,-5.9261723511842102e-01,1.0488444699259657e-01,2.9843900345495422e-01,9.0102330644128925e-01,7.8998270609439170e-01,1.4577478599806624e+00,1.4664558106109529e+00,7.1117919766694593e-01,1.4325124211358242e+00,1.1194378061036654e-01,3.4885084959529616e-01,1.0571980193983821e+00,-1.3179414450895826e+00,5.1370047094462556e-01,1.3026003863947841e+00,3.5045286354669675e-01,-9.9070706858805316e-04,-1.0416064676777644e-02,4.9374514047839269e-02,2.5596155337238125e-01,-2.0266851689252397e-02,6.4198261163803794e-01,2.6252126481877136e-01,3.0822970164598923e-01,6.3803452440618594e-02,3.6975205894187807e-01,-8.8977888306171349e-01,3.4595898841838107e-01,3.2859419143912932e-01,4.4015250881835544e-01,2.2455944757171484e-02,5.7416696036706960e-01,-8.2213919869705132e-01,1.2489550398906231e+00,4.8742102476913318e-01,7.2072553471270895e-01,1.7430949173582616e-01,8.4158083706947640e-01,9.6482626229442303e-01,4.5579078956765778e-01,1.5903881600365324e-01,2.7322289964518565e-01,1.0023130484766395e-01,2.4354397779618697e-01,-1.6012990325267082e+00,5.1908686220916289e-01,1.4156890735842939e-01,1.8051402342904477e-01,1.0218703275014646e-01,1.2672471856823192e-01,3.3332777824900417e-01,1.3284934969749265e+00,4.6896678805527992e-01,6.9274597425737672e-01,2.1387311555235539e-01,6.4343252608480173e-01,8.3969351038819373e-01,-3.9467629856147102e-01,-5.4989316935104733e-02,-1.2664759238105197e-01,-6.6255758090289024e-02,-6.4685042662746411e-02,-4.8460455193959018e-01,5.7104296882603225e-02,2.0899697687275731e+00,-9.5212608445954333e-02,8.1668586691874179e-01,-1.4287761375884922e-01,1.1844830014659073e+00,9.0077657647498560e-02,3.1331513158354074e-01,-2.7115942039316837e-01,1.2562773107183802e+00,-1.5823994284780079e+00,8.0378960201089047e-02,-2.1009651435087719e+00,5.3989195624680762e-02
1.5604293416794018e-01,3.5455747706997404e-01,-5.0255678646049873e-01,9.2065660288240592e-01,-1.5861622677426274e-01,5.7122607069809504e-02,-4.1376160967072290e-01,-1.2176064890319571e+00,5.4755423751374788e-01,-6.2056059699811206e-01,1.0723570838408529e-01,3.0767418195071600e-01,9.1536381031906655e-01,8.0421661979554804e-01,1.4882439541371968e+00,1.4773834948887437e+00,7.2074804320561237e-01,1.4629366799411194e+00,1.1297897295438784e-01,3.4956978085372437e-01,1.0683489869365705e+00,-1.3201828117054484e+00,5.1634172068649076e-01,1.3130312257261569e+00,3.4395424319760187e-01,-1.0226518977213099e-02,-8.5423455741044634e-03,6.3999833326730954e-02,2.5159888635579414e-01,-2.0139195740614287e-02,6.5581657455140308e-01,2.6859532827333915e-01,3.1820557949117312e-01,6.2762539010067592e-02,3.8153665483355659e-01,-8.9770467995178949e-01,3.3640815232810201e-01,3.3466209003937919e-01,4.4959915013428381e-01,1.5124129337951143e-02,5.9129175282575219e-01,-8.5054339356398945e-01,1.2789841120981138e+00,4.9429584684167110e-01,7.3075340955004342e-01,1.8188967376381890e-01,8.4704257286052564e-01,9.7750269648658672e-01,4.7698070582833874e-01,1.6942453488525927e-01,2.8765194314410897e-01,1.0342717819315991e-01,2.6180019747376054e-01,-1.6131628378246696e+00,5.3333006453732612e-01,1.4434828109356945e-01,1.8542400825018232e-01,1.0440525706601173e-01,1.2929500950832010e-01,3.3557539035027839e-01,1.3532381984689503e+00,4.7450512987223842e-01,7.0023452747912718e-01,2.2117225412824304e-01,6.4783244354834857e-01,8.5025841687482373e-01,-3.8835272191690773e-01,-5.9305440404592215e-02,-1.2966198294964268e-01,-6.8521131826643947e-02,-7.2219508641530580e-02,-4.8778522479345676e-01,1.1755244494674680e-01,2.1331024066255897e+00,-8.8619895160998219e-02,8.3194869293579066e-01,-1.2739338103655617e-01,1.2073223266670858e+00,1.0308318234240110e-01,3.2029492279822747e-01,-2.6568203728658540e-01,1.2791876216114297e+00,-1.6120811110012401e+00,9.2679625485460687e-02,-2.1100331121706266e+00,4.8558537850460007e-02
1.5969570862571009e-01,3.2356042909692806e-01,-5.1066761255605853e-01,9.2318814621579925e-01,-1.5632514301420805e-01,7.6032455093205872e-02,-4.1778905817828871e-01,-1.2054406744172852e+00,5.3191376412242330e-01,-6.5572424355331049e-01,1.1273211859750697e-01,3.2173973019202406e-01,9.2357354621535637e-01,8.1359242953248123e-01,1.5029420117824823e+00,1.4839000181811306e+00,7.2504270758064204e-01,1.4784925520440950e+00,1.1520923301889442e-01,3.4941533545789272e-01,1.0815698345995686e+00,-1.3211126041008721e+00,5.2040058879257090e-01,1.3256435550197287e+00,3.4660699469526318e-01,-9.8868657349828436e-03,-7.3028619835815104e-03,6.4030639073400772e-02,2.5134598585721551e-01,-2.5510656002936428e-02,6.6258247889475097e-01,2.7243165351604171e-01,3.2474542509632981e-01,6.1781759585148720e-02,3.8821136474495865e-01,-8.9777176448938967e-01,3.2046995057027472e-01,3.3712414254173056e-01,4.5343399377394777e-01,9.0070636190575110e-03,5.9969101579776474e-01,-8.5483930815060860e-01,1.2961774765380618e+00,5.0123560278298518e-01,7.4129099432050205e-01,1.8279779061293833e-01,8.5919227977623069e-01,9.7439093238571173e-01,4.9358753284795032e-01,1.6910553368210848e-01,2.8622079797755945e-01,1.1289302263739612e-01,2.5383325624321629e-01,-1.6058354205880596e+00,5.4111857617702674e-01,1.4730198055147639e-01,1.9065382046037163e-01,1.0366486548256529e-01,1.3456822500367324e-01,3.3489942991492710e-01,1.3747175461077761e+00,4.7752598569815902e-01,7.0409341897738909e-01,2.2801438502672336e-01,6.4822245591049144e-01,8.5446229153705644e-01,-3.8160651901307857e-01,-6.1050385471673331e-02,-1.2926498639731399e-01,-7.1068211949156676e-02,-7.6392008873448061e-02,-4.8807564580334156e-01,1.5846909702810194e-01,2.1593734980634078e+00,-8.6744073632595911e-02,8.4081257760944261e-01,-1.1708979109929109e-01,1.2206137960452250e+00,1.1497921127867662e-01,3.2461725592323992e-01,-2.6918881746723305e-01,1.2921728713790845e+00,-1.6295092144469663e+00,9.2559892759089837e-02,-2.1268318538463409e+00,4.5188400688297048e-02
1.4440481900081895e-01,2.7219043226323303e-01,-5.0413506306034539e-01,9.2471627143268242e-01,-1.5862319055344501e-01,9.4284115770969054e-02,-4.3524464903400134e-01,-1.1916936717765410e+00,5.3016678357564018e-01,-7.0350889300555441e-01,1.1499463273583903e-01,3.3724158179700903e-01,9.3293482141720174e-01,8.2564724801100708e-01,1.5235476039525466e+00,1.4914848223423276e+00,7.3136396689711713e-01,1.4989706378132501e+00,1.1791376686640707e-01,3.4785257271374931e-01,1.0937524467216324e+00,-1.3208254928196272e+00,5.2362889632414999e-01,1.3366821804959954e+00,3.4174175271889606e-01,-1.0016205008546155e-02,-7.3677468628570737e-03,6.4776828694748642e-02,2.4866334119197600e-01,-2.7605432901670970e-02,6.7065283587036062e-01,2.7658128644312530e-01,3.3145687038095056e-01,6.0888863526943685e-02,3.9473021579026990e-01,-9.0215031150561198e-01,3.0617931990354513e-01,3.4106555126926658e-01,4.5898208075759217e-01,2.8280461437519694e-03,6.1007804681724842e-01,-8.7013586076934002e-01,1.3174295448269961e+00,5.0808421442984730e-01,7.5171314985157067e-01,1.8523847982345970e-01,8.7021297303850342e-01,9.7318866612420318e-01,5.1186950146119514e-01,1.7395388778801435e-01,2.9273002816771743e-01,1.1983754884466213e-01,2.5715079295970500e-01,-1.5967986722799450e+00,5.5161859447305539e-01,1.4999106178263658e-01,1.9532945364870430e-01,1.0403494618240153e-01,1.3821104744704812e-01,3.3320745297973031e-01,1.3957509266033070e+00,4.8076714204540044e-01,7.0859075152594952e-01,2.3467151218083260e-01,6.4959511479335619e-01,8.6417723808625424e-01,-3.7389180361298108e-01,-6.3931659725756429e-02,-1.3100817613216306e-01,-7.2820977789918917e-02,-8.4517856930291374e-02,-4.9269711566536728e-01,1.9430720243483879e-01,2.1893313280426145e+00,-8.6872038054409156e-02,8.5136299057293696e-01,-1.1183973347956805e-01,1.2363450663557982e+00,1.2553395002101858e-01,3.2954643869480643e-01,-2.7582449503493922e-01,1.3077893720303835e+00,-1.6502354022174919e+00,9.5481584932752592e-02,-2.1352872612346476e+00,4.1861792049269743e-02
1.7737735659084461e-01,1.1753897867671689e-01,-5.5505750210639249e-01,1.0204372539669098e+00,-1.8395236481772170e-01,2.0080455921817414e-01,-4.4686469096150744e-01,-1.1594849263010087e+00,4.9427807800673479e-01,-8.9679193899328757e-01,9.6675323196556334e-02,3.8685156943265264e-01,9.8380681843242612e-01,8.6068960566957819e-01,1.5572272902183486e+00,1.5200108399352441e+00,7.4722722846878331e-01,1.5578411605876028e+00,1.0980142235739189e-01,3.4877764064570377e-01,1.1812792537566394e+00,-1.3406873538005382e+00,5.4451765207500935e-01,1.4048505859097684e+00,3.1596140032964704e-01,7.2491666701691177e-03,-2.5630008001297645e-02,6.4301968846321514e-02,2.2225315579833724e-01,-1.0569144840933051e-02,6.8854203859624274e-01,2.9793365712982678e-01,3.6539740739041349e-01,6.2175709596497333e-02,4.1867744707262267e-01,-9.3180436852510418e-01,2.6396637762165720e-01,3.5431806532482063e-01,4.7866507218518251e-01,-7.3681480433952055e-03,6.1821034077064319e-01,-9.6754394984572567e-01,1.3848384788795369e+00,5.3587792194783468e-01,7.9389177969738634e-01,1.7152946852188936e-01,9.3292758051986235e-01,9.8292451039098416e-01,5.4856633116976516e-01,1.6773638640588065e-01,2.8168989899440050e-01,1.7540760202275732e-01,2.1091136821004916e-01,-1.6394805624591247e+00,5.6803364606937179e-01,1.6858053560143177e-01,2.2529760921348913e-01,9.3459899059335563e-02,1.7478188716218951e-01,3.2944887553722429e-01,1.4738986872959392e+00,4.9375501423675616e-01,7.2578673319486431e-01,2.6071807495813709e-01,6.6393429417024352e-01,8.9790572130243629e-01,-4.0094285307624467e-01,-5.0756497504886561e-02,-1.0134792383142696e-01,-8.4668278040962788e-02,-7.3593874457142980e-02,-5.1963209599622429e-01,2.9276192024718245e-01,2.2865165651718597e+00,-9.3443564250803107e-02,8.8816966734912761e-01,-9.3116288850445803e-02,1.2891395643686232e+00,1.6699010093026281e-01,3.4458337098335790e-01,-3.0949515768901475e-01,1.3607807841324231e+00,-1.7794264532777384e+00,1.2398186725953828e-01,-2.2533899458704436e+00,4.7326608868502505e-02
1.7336955945927762e-01,1.1485477224040037e-01,-5.5391871570278295e-01,1.0246488763811523e+00,-1.7773793878440311e-01,2.0267014399797512e-01,-4.3954085195790460e-01,-1.1563000405634714e+00,4.9288534028284403e-01,-9.0481703589366069e-01,1.0047614706982136e-01,3.7915943792859569e-01,9.8957492334889097e-01,8.6698609784165237e-01,1.5577935257714839e+00,1.5255986086305222e+00,7.5051819841661915e-01,1.5670338801892933e+00,1.0158364594439226e-01,3.4107690671573654e-01,1.1793514198843200e+00,-1.3476037991135335e+00,5.4330035892157114e-01,1.4020186206257648e+00,3.0881657950346114e-01,9.9508690352374720e-03,-2.4750504024130184e-02,6.5711710464776446e-02,2.2280435724280689e-01,-1.2028689879010374e-02,6.8824758986491419e-01,2.9733334109504883e-01,3.6197448214934358e-01,5.6717719142770226e-02,4.1856990431690427e-01,-9.3702611887353815e-01,2.6967692340109062e-01,3.5340465240015634e-01,4.7513812279122808e-01,-1.2556317247470496e-02,6.1463264860280042e-01,-9.7588431043302803e-01,1.3840931507858310e+00,5.3727689964643921e-01,7.9750107640947021e-01,1.7729855846967232e-01,9.3107671998573205e-01,9.8386169580958371e-01,5.5447991260343676e-01,1.6150014207998228e-01,2.7109953285873678e-01,1.6926114897866520e-01,2.0330642669311219e-01,-1.6570223659384897e+00,5.7252682922253062e-01,1.6904016285659945e-01,2.2562169324284972e-01,9.5405736000305288e-02,1.7207453462020647e-01,3.2791152469341367e-01,1.4759446615487841e+00,4.9671141527901663e-01,7.3024855974842040e-01,2.6106390057823520e-01,6.7178709567436901e-01,8.9575372643415796e-01,-3.9143718755978879e-01,-4.9918899475429414e-02,-1.0389590670545962e-01,-8.5957141571326917e-02,-7.9358447070433838e-02,-5.2587707169700926e-01,2.8828139937920183e-01,2.2902250965474500e+00,-1.0066046844290868e-01,8.8877049658338503e-01,-1.0085882795266933e-01,1.2898675349897075e+00,1.6721592683067840e-01,3.4446680513271366e-01,-3.1680195218311374e-01,1.3614965097174025e+00,-1.7878896505036157e+00,1.2633947981602209e-01,-2.2668646539633523e+00,4.9709120806738533e-02
1.7528954792711535e-01,1.1267740463855920e-01,-5.5458776309472235e-01,1.0250567889934223e+00,-1.7987595348608587e-01,2.0412633900160013e-01,-4.3915133595638151e-01,-1.1563848178275036e+00,4.9152003474189748e-01,-9.0464218997782286e-01,9.9474307083219984e-02,3.7865348090009554e-01,9.8959085713712236e-01,8.6647131956075130e-01,1.5586473578980267e+00,1.5263465365630140e+00,7.5062299663417098e-01,1.5667552747464268e+00,1.0189770377918435e-01,3.3980830961333108e-01,1.1792960164625232e+00,-1.3479770893571730e+00,5.4322020668489746e-01,1.4010629308048295e+00,3.0898458447625254e-01,1.0378844979097140e-02,-2.5882593951446313e-02,6.7244751428282068e-02,2.2239258841391918e-01,-1.2280968632048037e-02,6.8799054375842494e-01,2.9702007822178894e-01,3.6139641680753548e-01,5.6266548826416213e-02,4.1759844429380472e-01,-9.3783737080650831e-01,2.7086238843483146e-01,3.5111784521071582e-01,4.7187700455472276e-01,-1.3277449449778765e-02,6.1043869322076916e-01,-9.7625464584359600e-01,1.3835718540451036e+00,5.3797738451581723e-01,7.9831670384208586e-01,1.7722259745955679e-01,9.3245703541272684e-01,9.8507797015927612e-01,5.5500487383398023e-01,1.6147212501546096e-01,2.7115583191397113e-01,1.6871276881765279e-01,2.0362328441605579e-01,-1.6599394433053740e+00,5.7256463901708554e-01,1.6960809378723599e-01,2.2628237227831705e-01,9.5366466034337738e-02,1.7284740025333373e-01,3.2801736038968016e-01,1.4747784374429989e+00,4.9753301399590394e-01,7.3160461687378286e-01,2.6165777928348477e-01,6.7305641731583599e-01,8.9545806777668568e-01,-3.9235990281597499e-01,-4.8494827769555916e-02,-1.0216486587495904e-01,-8.5851658744328208e-02,-7.8109532003945742e-02,-5.2690408959480806e-01,2.8554462681317150e-01,2.2907339377383829e+00,-1.0170006533391891e-01,8.8857045183236338e-01,-1.0227304492181878e-01,1.2896639014207620e+00,1.6690890393198216e-01,3.4468280846001381e-01,-3.1844394388844305e-01,1.3608782948329645e+00,-1.7900729448857977e+00,1.2614796385408533e-01,-2.2692691164906580e+00,5.1129934707190211e-02
1.8093598966756053e-01,1.0319804911634277e-01,-5.5565740244905015e-01,1.0279824812982523e+00,-1.8519904321094308e-01,2.0694151501559024e-01,-4.3988190500498892e-01,-1.1560632099635362e+00,4.8811958865174848e-01,-9.0766265257905976e-01,9.5147392202868636e-02,3.7858690002507817e-01,9.8937416889903063e-01,8.6959132879197754e-01,1.5594650002640680e+00,1.5295269030788423e+00,7.5107572202853679e-01,1.5660044825574495e+00,1.0249586825897820e-01,3.3333323827065292e-01,1.1793036083238058e+00,-1.3524253499025454e+00,5.4489075456459835e-01,1.4012066230464928e+00,3.0445749978350461e-01,1.1834829327984232e-02,-2.6624349833761735e-02,6.6683190523739805e-02,2.2359155645356743e-01,-1.2093683718425197e-02,6.8449575210438485e-01,2.9621423389881602e-01,3.5903729585675032e-01,5.2095028954705198e-02,4.1635578672163803e-01,-9.4211050285410014e-01,2.7754839394108527e-01,3.4465253961140435e-01,4.6272999536259796e-01,-1.8054402174370859e-02,5.9939156362254042e-01,-9.8030712706502010e-01,1.3815043403739564e+00,5.3851232395670179e-01,7.9880849788333230e-01,1.7854025869591861e-01,9.3188876177160140e-01,9.8702030178757905e-01,5.5396082749039210e-01,1.6093039980566379e-01,2.7096051393768361e-01,1.6545541427764959e-01,2.0582858656438782e-01,-1.6701316183628754e+00,5.7452301502887015e-01,1.7098342550789641e-01,2.2755372221835019e-01,9.5747446255393651e-02,1.7343019284759245e-01,3.2595981633387594e-01,1.4753909284101070e+00,5.0184544172219725e-01,7.3855727423540185e-01,2.6598449540856289e-01,6.7971964292117626e-01,8.9443952485227785e-01,-3.9158943312825339e-01,-4.4631720157384050e-02,-9.9152930423748772e-02,-8.5738343972088071e-02,-7.7407478612206745e-02,-5.3687296546112606e-01,2.8748383691129115e-01,2.2937951538769052e+00,-1.0477341964740229e-01,8.8816696050047761e-01,-1.0476787189336613e-01,1.2895333275069940e+00,1.6909156756487576e-01,3.4584570117726676e-01,-3.2226340007216170e-01,1.3591421148953118e+00,-1.8023531060434115e+00,1.2521278928574547e-01,-2.2809162013459359e+00,5.5389068494129973e-02
1.8126847497009407e-01,1.0144542935904224e-01,-5.5677229253480431e-01,1.0283104979729409e+00,-1.8334084929667427e-01,2.0691044386110910e-01,-4.4217095718672123e-01,-1.1564132785675347e+00,4.8701839142535402e-01,-9.0538253530563795e-01,9.5088747725158559e-02,3.7941848397137584e-01,9.8950601617143408e-01,8.7013152666133264e-01,1.5612138572393801e+00,1.5303746459121523e+00,7.5161657758021749e-01,1.5675224276598649e+00,1.0309710935961991e-01,3.3162013331052681e-01,1.1791526426336467e+00,-1.3525466266520920e+00,5.4453604090948582e-01,1.3995868701870111e+00,3.0343085874384679e-01,1.1746071857957801e-02,-2.7849379925593748e-02,6.8909472371830621e-02,2.2325352075675201e-01,-1.2096700079771268e-02,6.8449184416311804e-01,2.9640560883878864e-01,3.5922306751534044e-01,5.1755463735473475e-02,4.1645050137585227e-01,-9.4249323200684254e-01,2.7773538844266071e-01,3.4308912302857186e-01,4.6071691451743502e-01,-1.8301331169641458e-02,5.9670671561220989e-01,-9.8137421981483797e-01,1.3811558493563876e+00,5.3878576886475449e-01,7.9927647916751254e-01,1.7890058132053818e-01,9.3230782661942480e-01,9.8769982806471290e-01,5.5568624095279162e-01,1.6109624724749610e-01,2.7118979524906983e-01,1.6474256694107753e-01,2.0686584110571113e-01,-1.6714697890027490e+00,5.7455206649044932e-01,1.7124439327515875e-01,2.2791621292551056e-01,9.5990458103668047e-02,1.7342369053724588e-01,3.2619742281171604e-01,1.4755878387734715e+00,5.0265504962246188e-01,7.3969999645999074e-01,2.6620589748009693e-01,6.8086062951749404e-01,8.9483736142234660e-01,-3.9202244888633708e-01,-4.3112475562128320e-02,-9.7212391455871017e-02,-8.5495819595382716e-02,-7.6565480222917440e-02,-5.3635959854013471e-01,2.8578503280445211e-01,2.2946849115126438e+00,-1.0477153389759901e-01,8.8827904980968364e-01,-1.0479303894426127e-01,1.2897080010385495e+00,1.6860116332405933e-01,3.4602844800603300e-01,-3.2183619977832323e-01,1.3591383929948415e+00,-1.8036534579825729e+00,1.2524282998924252e-01,-2.2824158519478059e+00,5.7061683616489653e-02
1.8138460305515977e-01,1.0142972310700031e-01,-5.5678130024213757e-01,1.0283958005045080e+00,-1.8337098720207434e-01,2.0687146106360724e-01,-4.4210474368678848e-01,-1.1565018334701642e+00,4.8694339121086633e-01,-9.0527827151571716e-01,9.5119502697847358e-02,3.7943222863368092e-01,9.8949355939423578e-01,8.7013071975064837e-01,1.5612195414733767e+00,1.5303762248693922e+00,7.5161929215135503e-01,1.5675345557847840e+00,1.0309325542489706e-01,3.3159953056756664e-01,1.1791175656275807e+00,-1.3525578960114757e+00,5.4452131872445697e-01,1.3995307379650233e+00,3.0345407022241383e-01,1.1860751485131552e-02,-2.7904524638681667e-02,6.9021862815379864e-02,2.2324591021431978e-01,-1.2133248978604549e-02,6.8447315044329693e-01,2.9639133307549220e-01,3.5919502414144272e-01,5.1734358916190493e-02,4.1642931310847536e-01,-9.4250955825164751e-01,2.7785866792910585e-01,3.4305802998593454e-01,4.6067928983805995e-01,-1.8284668048996051e-02,5.9664786196677588e-01,-9.8132935495971774e-01,1.3811823984328486e+00,5.3877645567565857e-01,7.9927701587953548e-01,1.7895015407221343e-01,9.3225063856715151e-01,9.8772257985936529e-01,5.5561581871616661e-01,1.6111442286670485e-01,2.7118999854000109e-01,1.6465040791809951e-01,2.0697749684053518e-01,-1.6715212362130649e+00,5.7458775056541722e-01,1.7124024099772178e-01,2.2791371568714738e-01,9.6015404320462419e-02,1.7338633806192336e-01,3.2619077440277883e-01,1.4755148379314196e+00,5.0269430710704333e-01,7.3974472127702640e-01,2.6616888527927995e-01,6.8095557653689087e-01,8.9480385540410468e-01,-3.9195953233553038e-01,-4.3096801167512903e-02,-9.7200253533791220e-02,-8.5477923269485404e-02,-7.6596616749242008e-02,-5.3642629203051395e-01,2.8552173927213143e-01,2.2946861534950598e+00,-1.0479361802281920e-01,8.8827946637708188e-01,-1.0484565719407513e-01,1.2897086423480681e+00,1.6850090350003760e-01,3.4602756577672228e-01,-3.2180226745232643e-01,1.3591388966254505e+00,-1.8036946564890413e+00,1.2516973254672714e-01,-2.2823590799297326e+00,5.7098669064605714e-02
1.8140781887814234e-01,1.0143932134577036e-01,-5.5676325198248844e-01,1.0284165174833007e+00,-1.8336329202663723e-01,2.0684034401517115e-01,-4.4211640315134243e-01,-1.1565889173051700e+00,4.8695005469941544e-01,-9.0528310146333646e-01,9.5146017770755126e-02,3.7944326257455030e-01,9.8948812568193689e-01,8.7012979523621736e-01,1.5612092116447807e+00,1.5303718567632856e+00,7.5161782439075853e-01,1.5675286213177946e+00,1.0309242100254000e-01,3.3160141032776347e-01,1.1791163686383659e+00,-1.3525576265148211e+00,5.4451979699812703e-01,1.3995293271651612e+00,3.0350404021829713e-01,1.1913949525269850e-02,-2.7917391488639427e-02,6.9078915497489402e-02,2.2323866715697882e-01,-1.2167514198905115e-02,6.8446942036121550e-01,2.9638734833673036e-01,3.5918767441892391e-01,5.1731842132414350e-02,4.1642276105480053e-01,-9.4253244348106446e-01,2.7789560772819871e-01,3.4306384314499339e-01,4.6068734949817441e-01,-1.8281368496954699e-02,5.9665755373137075e-01,-9.8134201081591721e-01,1.3811792072634892e+00,5.3877348481369736e-01,7.9927576970562864e-01,1.7895772144040217e-01,9.3223860671257253e-01,9.8773442827197255e-01,5.5559788727975667e-01,1.6111455614196502e-01,2.7118383811545710e-01,1.6463108026877260e-01,2.0699461125842047e-01,-1.6715448161831090e+00,5.7459204196696756e-01,1.7123951397411755e-01,2.2791340002315177e-01,9.6020168707654466e-02,1.7337932037133941e-01,3.2618020490850219e-01,1.4755058116865258e+00,5.0270230535088956e-01,7.3975385088046153e-01,2.6616135715041017e-01,6.8097516423860982e-01,8.9480363883930669e-01,-3.9193800897001674e-01,-4.3094759212532599e-02,-9.7198232952599925e-02,-8.5467262458414697e-02,-7.6609448630455088e-02,-5.3648511428681522e-01,2.8544459851278930e-01,2.2946839777639405e+00,-1.0481002285162079e-01,8.8828146758788629e-01,-1.0487477301415839e-01,1.2897107596639983e+00,1.6847679515063202e-01,3.4602608980547012e-01,-3.2181635044883233e-01,1.3591425574781666e+00,-1.8037160678444435e+00,1.2515357534444796e-01,-2.2823126761400321e+00,5.7110100847026717e-02
1.8142319514962976e-01,1.0144073259239950e-01,-5.5674734698255557e-01,1.0284370101506144e+00,-1.8335372386657509e-01,2.0681873524865924e-01,-4.4212582708731579e-01,-1.1566798666230742e+00,4.8695614673265458e-01,-9.0528919863962720e-01,9.5173406881340655e-02,3.7945858016209527e-01,9.8948227037734804e-01,8.7012857174709479e-01,1.5611979696318643e+00,1.5303674084897416e+00,7.5161589120854444e-01,1.5675213864169744e+00,1.0309075544584335e-01,3.3160454465368239e-01,1.1791139174775169e+00,-1.3525582750993144e+00,5.4451835979180818e-01,1.3995282041402675e+00,3.0355914515007271e-01,1.1964093503756369e-02,-2.7926646892587437e-02,6.9144073076147991e-02,2.2323392007307663e-01,-1.2208239919024009e-02,6.8446648880186722e-01,2.9638310496793258e-01,3.5917990412757844e-01,5.1729559801212875e-02,4.1641518088324375e-01,-9.4255580959017371e-01,2.7793593468754885e-01,3.4307125458747179e-01,4.6069769417930773e-01,-1.8277439320733727e-02,5.9666894066874954e-01,-9.8135499713062346e-01,1.3811738189983507e+00,5.3877243147556653e-01,7.9927690510445792e-01,1.7896358111578975e-01,9.3223083352353120e-01,9.8774311284460359e-01,5.5558427074592909e-01,1.6111274891155733e-01,2.7117532741860328e-01,1.6461403543591402e-01,2.0700712664624280e-01,-1.6715629414072370e+00,5.7459639974624710e-01,1.7123982126415982e-01,2.2791430098030158e-01,9.6024164543095591e-02,1.7337423878795877e-01,3.2616777651104356e-01,1.4754962304363624e+00,5.0270902663964512e-01,7.3976118130985735e-01,2.6615392188827669e-01,6.8099310476483021e-01,8.9480464199384258e-01,-3.9191098312105960e-01,-4.3091306474336857e-02,-9.7194609438924620e-02,-8.5456521317107736e-02,-7.6621007981559894e-02,-5.3654765210254329e-01,2.8536229006639680e-01,2.2946812802331746e+00,-1.0482954686466762e-01,8.8828395777061053e-01,-1.0490792244894333e-01,1.2897134135217887e+00,1.6845343930323003e-01,3.4602425878944598e-01,-3.2183663637158627e-01,1.3591471377194182e+00,-1.8037334696252247e+00,1.2514702049131590e-01,-2.2822693081098810e+00,5.7123451945283600e-02
1.8143816179249164e-01,1.0136337274035803e-01,-5.5679619878624986e-01,1.0285217667676101e+00,-1.8335650371124104e-01,2.0688470687309990e-01,-4.4206033015451202e-01,-1.1567789918811908e+00,4.8688427120343530e-01,-9.0523060131605870e-01,9.5207584153754604e-02,3.7951764729323156e-01,9.8946447063751730e-01,8.7012151583417052e-01,1.5611923686079028e+00,1.5303670577019801e+00,7.5161403184168452e-01,1.5675183667470061e+00,1.0307950692112125e-01,3.3160219253032519e-01,1.1790700591478980e+00,-1.3525770606892649e+00,5.4450489796237989e-01,1.3994804616455145e+00,3.0362887118824428e-01,1.2055669531456837e-02,-2.7954456321659420e-02,6.9344001423698939e-02,2.2324002150190422e-01,-1.2289288229572532e-02,6.8445397940826869e-01,2.9636843048286959e-01,3.5915001783770178e-01,5.1709937879507617e-02,4.1639031824710970e-01,-9.4258797466816258e-01,2.7806667004095531e-01,3.4305577148321337e-01,4.6068020448913810e-01,-1.8261750308727336e-02,5.9663186305191540e-01,-9.8133818636539372e-01,1.3811723439906669e+00,5.3877859188713528e-01,7.9929616151925065e-01,1.7899640156073315e-01,9.3221242200445531e-01,9.8774078529424225e-01,5.5556029735402213e-01,1.6111456095306984e-01,2.7115576700870181e-01,1.6454277710034923e-01,2.0707461740397176e-01,-1.6715711162010545e+00,5.7462525171016066e-01,1.7124370144420745e-01,2.2792039293872038e-01,9.6040820514559436e-02,1.7335539738178463e-01,3.2614099791494716e-01,1.4754205740046216e+00,5.0273300569076462e-01,7.3978491898379561e-01,2.6611816151997020e-01,6.8106543168411204e-01,8.9479375137067851e-01,-3.9180939263060138e-01,-4.3066026356177678e-02,-9.7173838609785679e-02,-8.5439132530153353e-02,-7.6637986755135154e-02,-5.3666169106877692e-01,2.8504523539306464e-01,2.2946719638344799e+00,-1.0489207085757861e-01,8.8828549836844894e-01,-1.0501284002528971e-01,1.2897141882258814e+00,1.6836130697661400e-01,3.4601949543117455e-01,-3.2187987550819680e-01,1.3591510133881433e+00,-1.8037411415053597e+00,1.2516681241946143e-01,-2.2822416377437462e+00,5.7174418245517930e-02
1.8146131446475836e-01,1.0130867643820499e-01,-5.5685086749271384e-01,1.0286499056160561e+00,-1.8332299195557208e-01,2.0692126185188547e-01,-4.4199701130483710e-01,-1.1569130225819018e+00,4.8682541427517390e-01,-9.0514539494905988e-01,9.5280821444312089e-02,3.7955778328777606e-01,9.8944527942733362e-01,8.7009942801728279e-01,1.5611816154346447e+00,1.5303699622296236e+00,7.5160989064983619e-01,1.5675095088549611e+00,1.0306594413831621e-01,3.3162612582987522e-01,1.1790217615103060e+00,-1.3526036162265915e+00,5.4449220361671435e-01,1.3994490438160543e+00,3.0371734641074505e-01,1.2085767460911289e-02,-2.7978023573025212e-02,6.9514215353421421e-02,2.2325530612042274e-01,-1.2379552922045182e-02,6.8447305601695985e-01,2.9634416045775536e-01,3.5910423195100705e-01,5.1686904526482363e-02,4.1634516311687803e-01,-9.4261992593963839e-01,2.7823511847372157e-01,3.4303617793581676e-01,4.6065499335570548e-01,-1.8248683624708890e-02,5.9658592077708350e-01,-9.8133773651503098e-01,1.3811427685171880e+00,5.3879422956522482e-01,7.9932976521088939e-01,1.7902973068375366e-01,9.3221380567809997e-01,9.8774187351840426e-01,5.5556480964330124e-01,1.6110603747498781e-01,2.7112008591602654e-01,1.6446911228417693e-01,2.0711827831769877e-01,-1.6715912707838059e+00,5.7465384797283703e-01,1.7124549636135614e-01,2.2792227745226781e-01,9.6054263664145545e-02,1.7333181352467417e-01,3.2611957634358224e-01,1.4753343278285822e+00,5.0276200809348470e-01,7.3981510387924698e-01,2.6607934158676733e-01,6.8114991532325231e-01,8.9478799540972265e-01,-3.9166018819542120e-01,-4.3065468454846378e-02,-9.7194530076379460e-02,-8.5434056811633699e-02,-7.6708236510043382e-02,-5.3675140779297659e-01,2.8468251269197548e-01,2.2946672482480115e+00,-1.0497960917183828e-01,8.8828820472758019e-01,-1.0515206409402089e-01,1.2897180901987282e+00,1.6826267547258217e-01,3.4601659302582477e-01,-3.2195889953746426e-01,1.3591578972757292e+00,-1.8037193992243095e+00,1.2518259441467772e-01,-2.2822445158660649e+00,5.7202334900130741e-02
1.8146131446475836e-01,1.0130867643820499e-01,-5.5685086749271384e-01,1.0286499056160561e+00,-1.8332299195557208e-01,2.0692126185188547e-01,-4.4199701130483710e-01,-1.1569130225819018e+00,4.8682541427517390e-01,-9.0514539494905988e-01,9.5280821444312089e-02,3.7955778328777606e-01,9.8944527942733362e-01,8.7009942801728279e-01,1.5611816154346447e+00,1.5303699622296236e+00,7.5160989064983619e-01,1.5675095088549611e+00,1.0306594413831621e-01,3.3162612582987522e-01,1.1790217615103060e+00,-1.3526036162265915e+00,5.4449220361671435e-01,1.3994490438160543e+00,3.0371734641074505e-01,1.2085767460911289e-02,-2.7978023573025212e-02,6.9514215353421421e-02,2.2325530612042274e-01,-1.2379552922045182e-02,6.8447305601695985e-01,2.9634416045775536e-01,3.5910423195100705e-01,5.1686904526482363e-02,4.1634516311687803e-01,-9.4261992593963839e-01,2.7823511847372157e-01,3.4303617793581676e-01,4.6065499335570548e-01,-1.8248683624708890e-02,5.9658592077708350e-01,-9.8133773651503098e-01,1.3811427685171880e+00,5.3879422956522482e-01,7.9932976521088939e-01,1.7902973068375366e-01,9.3221380567809997e-01,9.8774187351840426e-01,5.5556480964330124e-01,1.6110603747498781e-01,2.7112008591602654e-01,1.6446911228417693e-01,2.0711827831769877e-01,-1.6715912707838059e+00,5.7465384797283703e-01,1.7124549636135614e-01,2.2792227745226781e-01,9.6054263664145545e-02,1.7333181352467417e-01,3.2611957634358224e-01,1.4753343278285822e+00,5.0276200809348470e-01,7.3981510387924698e-01,2.6607934158676733e-01,6.8114991532325231e-01,8.9478799540972265e-01,-3.9166018819542120e-01,-4.3065468454846378e-02,-9.7194530076379460e-02,-8.5434056811633699e-02,-7.6708236510043382e-02,-5.3675140779297659e-01,2.8468251269197548e-01,2.2946672482480115e+00,-1.0497960917183828e-01,8.8828820472758019e-01,-1.0515206409402089e-01,1.2897180901987282e+00,1.6826267547258217e-01,3.4601659302582477e-01,-3.2195889953746426e-01,1.3591578972757292e+00,-1.8037193992243095e+00,1.2518259441467772e-01,-2.2822445158660649e+00,5.7202334900130741e-02
